Workbook

Sheet 본식 당일
A1: 💒 결혼식 당일 일정표 💒
A2: 본식 12:30 · 스튜디오 촬영 18:00
A4: 시간 | B4: 신랑신부 | C4: 친가 (신랑 측) | D4: 외가 (신부 측)
A5: 0.16666667 | B5: 기상 / 샤워
A6: 0.1875 | B6: 가볍게 식사
A7: 0.20833333 | B7: 컨디션 정리 / 소지품 체크
A8: 0.22916667 | B8: 메이크업샵 이동 준비
A9: 0.25 | C9: 기상 / 준비 시작
A10: 0.27083333 | B10: 신랑신부 메이크업 시작 (06:30) | C10: 가볍게 식사 | D10: 기상 / 준비 시작
A11: 0.29166667 | C11: 메이크업샵 (한올) 이동 | D11: 가볍게 식사
A12: 0.3125 | C12: 한올 메이크업 시작 (07:30) | D12: 여유롭게 준비
A13: 0.33333333 | D13: 메이크업샵 (소미) 8:15분 준비
A14: 0.35416667
A15: 0.375
A16: 0.39583333 | C16: 예식장으로 이동 (한복 지참)
A17: 0.41666667 | B17: 예식장으로 이동 | C17: 예식장 도착 / 👘 한복 착용 | D17: 예식장으로 이동
A18: 0.4375 | B18: 🏛️ 예식장 도착 (10:30) / 📸 웨딩 스냅 촬영 시작 - 차량씬 촬영(오필리아 픽처) | C18: 하객 맞이 | D18: 하객 맞이
A19: 0.45833333 | B19: 신부대기실 / 가족 | C19: 하객 접대 / 축의금 접수 | D19: 하객 접대 / 축의금 접수
A20: 0.47916667 | B20: 📸 웨딩 스냅 촬영 / 하객 맞이 | C20: 식장 입장 · 자리 안내 | D20: 식장 입장 · 자리 안내
A21: 0.5 | B21: 스냅 마무리 / 식순 점검 / 입장 준비 | C21: 입장 대기 (화촉점화 준비) | D21: 입장 대기 (화촉점화 준비)
A22: 12:30 ~ 13:30 | B22: ✨ 본식 진행 (12:30 ~ 13:30) ✨ 1. 개식사 -> 식장 준비곡 2. 신랑 부모님 입장 🎵 이웃집 토토로 - 산책 3. 신부 부모님 입장 🎵 구르미 그린 달빛 - 영의 왈츠 4. 화촉점화 및 양가 부모님 맞절 + 내빈 인사 🎵 성균관 스캔들 OST - 생도청의 아침 5. 신랑 단독 입장 🎵 Stellar - Ashes 6. 신부 단독 입장 🎵 A Thousand Years 7. 신랑신부 맞절 🎵 Whispers of a Princess 8. 혼인서약 (하객을 바라보며)-2분 🎵bgm 9. 예물 교환 (플래너 전달) 🎵Can You Feel the Love Tonight - The Lion King (ver.Piano) 10. 성혼선언 (사회자)-1분 🎵봄, 햇살이 춤추듯(프롬패리스) 11. 신부 친구 축사 - 임유나 🎵 Do You Remember The First Time We Met(음악 잔잔하게) 12. 축가🎵스탠딩에그 - 사랑한대 13. 부모님 및 내빈 인사 🎵The About Time Theme 14. 행진 🎵멸종위기사랑 15. 원판 촬영(부케-김새롬) 16. 연출 촬영
A25: 0.58333333 | B25: 연출 촬영 (단독 · 커플) | C25: 식사 / 휴식 | D25: 식사 / 휴식
A26: 0.60416667 | B26: 연출 촬영 마무리 | C26: 식사 | D26: 식사
A27: 0.625 | B27: 가족 · 지인과 식사 | C27: 하객 배웅 / 마무리 인사 | D27: 하객 배웅 / 마무리 인사
A28: 0.64583333 | B28: 식사 및 하객 마무리 인사 | C28: 축의금 정산 | D28: 축의금 정산
A29: 0.66666667 | B29: 옷 환복 / 휴식 | C29: 한복, 양복 반납 | D29: 짐 정리 / 휴식
A30: 0.77083333 | B30: 📸 스튜디오 촬영 진행 | C30: 자유 시간 / 저녁 식사 | D30: 자유 시간 / 저녁 식사
A31: 0.79166667 | C31: 자유 시간 | D31: 자유 시간
A32: 0.8125 | C32: 자유 시간 | D32: 자유 시간
A33: 0.83333333 | C33: 휴식 | D33: 휴식
A34: 0.85416667 | B34: 🍽️ 저녁 식사 | C34: 휴식 | D34: 휴식
A35: 0.875 | B35: 저녁 식사 / 휴식
A36: 0.89583333 | B36: 집/숙소 이동
A37: 0.91666667 | B37: 🌙 집/숙소 도착 / 마무리

Sheet 축의대
B2: 축 의 대 안 내 문
B5: ★ 예식 1시간 전 11:30까지 축의대 착석 부탁드립니다 (예식 12:30 ~ 13:30) ★
B7: ◎ 식권 수량 : 신랑 200장, 어린이 장 / 신부 200장, 어린이 장
C8: 보증인원 명 / 보증인원에 소인 미포함 (5~9세)
C9: 식권에 기재된 No. 순서대로 배부
C10: 식권 부족시, 예약실에서 추가 발급받아 도장 찍어 배부
B12: ◎ 답례품 : 없음
B13: ◎ 주차안내 : 무제한 무료
B14: ◎ 연회장 : 소인(5~9세) / 시간 : 13:00 ~ 16:00 / 위치 : 지하 1층
B15: ◎ ATM 위치 : 회전문 왼쪽
B17: A | H17: B
B18: 1. 인사 · 봉투받기 | H18: 1. A에게 봉투 받아 금액 확인
B19: (이름 확인, 축의금 동봉 여부 확인)
H20: 2. 봉투에 금액 쓰기
B21: 2. 하객 방명록 작성 요청 | H21: (하객분들 안보이게 하여 확인 및 기재 부탁드립니다)
B23: 3. 식권 주기 (몇 장 필요한지 확인) | H23: 3. 축의금 장부 작성
B24: "연회장은 지하1층 입니다" | H24: 번호, 이름, 금액
B26: 4. 봉투에 번호 / 식권수량 기입 | H26: 4. 봉투 20개씩 고무줄로 묶어 가방에 정리
B28: ↓ 봉투 B에게 넘기기 | H28: 축의금 봉투 20개씩 고무줄로 묶어 가방에 정리
B30: * 축의대 2명, 혼주 & 가족 식권 (신랑 측 3명, 신부 측 4명) 미리 챙겨주세요!
B32: 주의사항 정산은 신랑, 신부, 혼주가 직접 하므로 축의금 가방과 식권은 신랑, 신부 직계가족 이외에 절대 넘겨주지 마세요
B35: ◎ 이러한 경우가 발생될 수 있으니 주의해주세요
B37: 상황 | H37: 대처 방법
B38: 금액 잘못 되었다고 돌려 달라고 요청 하는 경우 | H38: 성함 물어 본 후, 신부에게 따로 전달하겠다고 안내 "축의대에서 처리 불가하여 예식 후, 신부/신랑 측에서 확인하겠습니다"
B39: 식권 여러장 달라고 하는 경우 (지나치게 많이 요청) | H39: 조심하고 따로 이름을 적어 둘 것
B40: 계좌이체하여 직접 축의금 전달했다고 하는 경우 | H40: 조심하고 따로 이름을 적어 둘 것
B41: 중간 정산을 위해 축의금 달라고 요청 | H41: 가족 또는 직원이 요청 안함. 중간 정산 절대 없으므로 "예식 후 신부/신랑 측에서 직접 정산합니다"
B42: 빈 봉투만 내고 식권 받아가는 경우 | H42: "빈 봉투를 주셨습니다. 확인 부탁드립니다."

Sheet 신랑측 축의금
A1: 💌 신랑 측 축의금 명단
A4: 건수 | B4: 인원 | C4: 식권 사용 | D4: 축의금 합계 | F4: 식권비용 | G4: 순 축의금 (차액)
A5: =COUNTIFS(B10:B500,"<>") -> 1 | B5: =SUM(C10:C500) -> 1 | C5: =SUM(D10:D500) -> 1 | D5: =SUM(E10:E500) -> 100000 | F5: =C5*65000 -> 65000 | G5: =D5-F5 -> 35000
A7: ※ 식권 단가 ₩65,000 / E열에 축의금 금액을 그대로 입력하세요 (예: 100000)
A9: No. | B9: 이름 | C9: 인원 | D9: 식권수 | E9: 축의금 | F9: 식권비용 | G9: 순축의금 | H9: 비고
A10: =IF(B10="","",ROW()-9) -> 1 | B10: 김00 | C10: 1 | D10: 1 | E10: 100000 | F10: =IF(B10="","",D10*65000) -> 65000 | G10: =IF(B10="","",E10-F10) -> 35000
A11: =IF(B11="","",ROW()-9) | F11: =IF(B11="","",D11*65000) | G11: =IF(B11="","",E11-F11)
A12: =IF(B12="","",ROW()-9) | F12: =IF(B12="","",D12*65000) | G12: =IF(B12="","",E12-F12)
A13: =IF(B13="","",ROW()-9) | F13: =IF(B13="","",D13*65000) | G13: =IF(B13="","",E13-F13)
A14: =IF(B14="","",ROW()-9) | F14: =IF(B14="","",D14*65000) | G14: =IF(B14="","",E14-F14)
A15: =IF(B15="","",ROW()-9) | F15: =IF(B15="","",D15*65000) | G15: =IF(B15="","",E15-F15)
A16: =IF(B16="","",ROW()-9) | F16: =IF(B16="","",D16*65000) | G16: =IF(B16="","",E16-F16)
A17: =IF(B17="","",ROW()-9) | F17: =IF(B17="","",D17*65000) | G17: =IF(B17="","",E17-F17)
A18: =IF(B18="","",ROW()-9) | F18: =IF(B18="","",D18*65000) | G18: =IF(B18="","",E18-F18)
A19: =IF(B19="","",ROW()-9) | F19: =IF(B19="","",D19*65000) | G19: =IF(B19="","",E19-F19)
A20: =IF(B20="","",ROW()-9) | F20: =IF(B20="","",D20*65000) | G20: =IF(B20="","",E20-F20)
A21: =IF(B21="","",ROW()-9) | F21: =IF(B21="","",D21*65000) | G21: =IF(B21="","",E21-F21)
A22: =IF(B22="","",ROW()-9) | F22: =IF(B22="","",D22*65000) | G22: =IF(B22="","",E22-F22)
... A259: =IF(B259="","",ROW()-9) | F259: =IF(B259="","",D259*65000) | G259: =IF(B259="","",E259-F259)

Sheet 신부측 축의금
A1: 💌 신부 측 축의금 명단
A4: 건수 | B4: 인원 | C4: 식권 사용 | D4: 축의금 합계 | F4: 식권비용 | G4: 순 축의금 (차액)
A5: =COUNTIFS(B10:B500,"<>") -> 1 | B5: =SUM(C10:C500) -> 1 | C5: =SUM(D10:D500) -> 1 | D5: =SUM(E10:E500) -> 100000 | F5: =C5*65000 -> 65000 | G5: =D5-F5 -> 35000
A7: ※ 식권 단가 ₩65,000 / E열에 축의금 금액을 그대로 입력하세요 (예: 100000)
A9: No. | B9: 이름 | C9: 인원 | D9: 식권수 | E9: 축의금 | F9: 식권비용 | G9: 순축의금 | H9: 비고
A10: =IF(B10="","",ROW()-9) -> 1 | B10: 김00 | C10: 1 | D10: 1 | E10: 100000 | F10: =IF(B10="","",D10*65000) -> 65000 | G10: =IF(B10="","",E10-F10) -> 35000
A11: =IF(B11="","",ROW()-9) | F11: =IF(B11="","",D11*65000) | G11: =IF(B11="","",E11-F11)
A12: =IF(B12="","",ROW()-9) | F12: =IF(B12="","",D12*65000) | G12: =IF(B12="","",E12-F12)
A13: =IF(B13="","",ROW()-9) | F13: =IF(B13="","",D13*65000) | G13: =IF(B13="","",E13-F13)
A14: =IF(B14="","",ROW()-9) | F14: =IF(B14="","",D14*65000) | G14: =IF(B14="","",E14-F14)
A15: =IF(B15="","",ROW()-9) | F15: =IF(B15="","",D15*65000) | G15: =IF(B15="","",E15-F15)
A16: =IF(B16="","",ROW()-9) | F16: =IF(B16="","",D16*65000) | G16: =IF(B16="","",E16-F16)
A17: =IF(B17="","",ROW()-9) | F17: =IF(B17="","",D17*65000) | G17: =IF(B17="","",E17-F17)
A18: =IF(B18="","",ROW()-9) | F18: =IF(B18="","",D18*65000) | G18: =IF(B18="","",E18-F18)
A19: =IF(B19="","",ROW()-9) | F19: =IF(B19="","",D19*65000) | G19: =IF(B19="","",E19-F19)
A20: =IF(B20="","",ROW()-9) | F20: =IF(B20="","",D20*65000) | G20: =IF(B20="","",E20-F20)
A21: =IF(B21="","",ROW()-9) | F21: =IF(B21="","",D21*65000) | G21: =IF(B21="","",E21-F21)
A22: =IF(B22="","",ROW()-9) | F22: =IF(B22="","",D22*65000) | G22: =IF(B22="","",E22-F22)
... A259: =IF(B259="","",ROW()-9) | F259: =IF(B259="","",D259*65000) | G259: =IF(B259="","",E259-F259)

Sheet 축의금 정산
A1: 💰 축 의 금 정 산
A4: 구분 | C4: 건수 | D4: 인원 | E4: 식권 | F4: 축의금 합계 | H4: 식권비용 | I4: 순 축의금
A5: 신랑 측 | C5: ='신랑측 축의금'!A5 -> 1 | D5: ='신랑측 축의금'!B5 -> 1 | E5: ='신랑측 축의금'!C5 -> 1 | F5: ='신랑측 축의금'!D5 -> 100000 | H5: ='신랑측 축의금'!F5 -> 65000 | I5: ='신랑측 축의금'!G5 -> 35000
A6: 신부 측 | C6: ='신부측 축의금'!A5 -> 1 | D6: ='신부측 축의금'!B5 -> 1 | E6: ='신부측 축의금'!C5 -> 1 | F6: ='신부측 축의금'!D5 -> 100000 | H6: ='신부측 축의금'!F5 -> 65000 | I6: ='신부측 축의금'!G5 -> 35000
A7: 전체 합계 | C7: =C5+C6 -> 2 | D7: =D5+D6 -> 2 | E7: =E5+E6 -> 2 | F7: =F5+F6 -> 200000 | H7: =H5+H6 -> 130000 | I7: =I5+I6 -> 70000
A9: ※ 식권 단가: ₩65,000 / 순 축의금 = 축의금 합계 − (식권 장수 × 65,000)
A11: ▶ 입력은 [신랑측 축의금] / [신부측 축의금] 시트에서. 이 시트는 자동 집계됩니다.
